{
  "within_RF_mean": 86.69450688706465,
  "within_RF_std": 6.422312412273453,
  "n": 35,
  "within_LDA_mean": 83.25992024276971,
  "cross_subject": 75.41178543116357,
  "smooth_base": 86.69450688706465,
  "smooth_after": 90.6928032670552,
  "sweep_ms": [
    20000,
    40000,
    60000,
    80000,
    120000,
    160000,
    200000
  ],
  "sweep_acc": [
    81.18967407747532,
    86.58692134250533,
    89.18185685267508,
    90.37868478083129,
    91.60760620174806,
    91.94861362747051,
    92.51621464833615
  ],
  "fs": 1,
  "per_gesture_F1": {
    "Rest": 96.70234806629834,
    "Fist": 90.98904889195481,
    "Wrist flex": 82.9247817327065,
    "Wrist ext": 84.31069540463602,
    "Radial dev": 84.06040268456377,
    "Ulnar dev": 82.93941411451398
  }
}